"ID","Description","GeneRatio","BgRatio","RichFactor","FoldEnrichment","zScore","pvalue","p.adjust","qvalue","geneID","Count"
"GO:0010817","regulation of hormone levels","42/399","463/16231",0.0907127429805616,3.69012163237467,9.32291927676246,2.57624717387645e-13,7.99409498053864e-10,7.50147767445744e-10,"AKR1B10/BMP6/RIMS2/FGA/UGT1A6/BRSK2/CHGA/HSD3B1/UGT1A10/INHA/TACR3/ADH7/AKR1C4/ADH4/PCSK1/AKR1C1/AKR1C8/CYP11A1/AKR1C3/KLK6/PCSK2/NMB/CES1/IRS2/ALDH1A1/ERO1B/ADRA2C/ABCC8/ADH1C/KCNK16/UGT1A7/KCNK9/AKR1B15/PTPRN/RFX6/GALR1/GAL/SNAP25/AKR1C2/UGT1A1/CEL/TAC1",42
"GO:0120254","olefinic compound metabolic process","23/399","158/16231",0.145569620253165,5.92165540433362,9.86890778750823,6.55430197359739e-12,1.01689995120363e-08,9.54235882821215e-09,"AKR1B10/BMP6/CYP4F3/EPHX1/HSD3B1/ADH7/AKR1C4/ADH4/AKR1C1/CYP11A1/AKR1C3/CYP4F11/CES1/CYP4F8/ALDH1A1/ELOVL2/ADH1C/AKR1B15/CYP4F2/AKR1C2/CEL/GSTA1/PLA2G10",23
"GO:0042180","ketone metabolic process","25/399","194/16231",0.128865979381443,5.2421646900757,9.43636306996187,1.23815091013446e-11,1.28066075804908e-08,1.2017430501447e-08,"AKR1B10/BMP6/CYP4F3/UGT1A6/HSD3B1/UGT1A10/CBR1/AKR1C4/ADH4/AKR1C1/CYP11A1/AKR1C3/CYP4F11/CES1/CYP4F8/IRS2/PPARGC1A/KYNU/CBR3/UGT1A7/NQO1/AIFM2/CYP4F2/AKR1C2/UGT1A1",25
"GO:0042445","hormone metabolic process","25/399","206/16231",0.121359223300971,4.93679587317809,9.02724657175035,4.67408975106108e-11,3.62592512438563e-08,3.40248601449572e-08,"AKR1B10/BMP6/UGT1A6/HSD3B1/UGT1A10/ADH7/AKR1C4/ADH4/PCSK1/AKR1C1/AKR1C8/CYP11A1/AKR1C3/KLK6/PCSK2/CES1/ALDH1A1/ERO1B/ADH1C/UGT1A7/AKR1B15/GAL/AKR1C2/UGT1A1/CEL",25
"GO:0042373","vitamin K metabolic process","8/399","13/16231",0.615384615384615,25.0333526123,13.7614819124937,1.43771800744902e-10,8.92247795422863e-08,8.37265123036792e-08,"CYP4F3/CBR1/CYP4F11/CYP4F8/CBR3/NQO1/AIFM2/CYP4F2",8
"GO:0009636","response to toxic substance","24/399","233/16231",0.103004291845494,4.19013198231631,7.78630806429197,3.34510645445941e-09,1.72997755469792e-06,1.62337175571118e-06,"AKR1B10/CPS1/EPHX1/SLC7A11/UGT1A10/ADH4/ABCB6/CES1/ALDH1A1/MTARC1/TXN/SLC47A2/GPX2/UGT1A7/SRXN1/NEFL/NQO1/MUC2/AMBP/AIFM2/GSR/S100A9/TXNRD1/GSTA1",24
"GO:0016101","diterpenoid metabolic process","15/399","89/16231",0.168539325842697,6.85604460589676,8.79424428295354,4.05179927219717e-09,1.79610473451826e-06,1.68542400356472e-06,"AKR1B10/ADH7/AKR1C4/ADH4/AKR1C1/AKR1C3/CES1/ALDH3A2/ALDH1A1/ADH1C/UGT1A7/LRP8/AKR1B15/UGT1A1/CEL",15
"GO:0098754","detoxification","19/399","151/16231",0.125827814569536,5.11857458215074,8.07179648597244,5.61164488671733e-09,2.17661676043548e-06,2.04248787061028e-06,"AKR1B10/UGT1A10/ADH4/ABCB6/ALDH1A1/MTARC1/TXN/SLC47A2/GPX2/UGT1A7/SRXN1/NQO1/MUC2/AMBP/AIFM2/GSR/S100A9/TXNRD1/GSTA1",19
"GO:0001523","retinoid metabolic process","14/399","85/16231",0.164705882352941,6.70010319917441,8.36445260128525,1.82422156356888e-08,6.2895105686158e-06,5.90193426880657e-06,"AKR1B10/ADH7/AKR1C4/ADH4/AKR1C1/AKR1C3/CES1/ALDH1A1/ADH1C/UGT1A7/LRP8/AKR1B15/UGT1A1/CEL",14
"GO:0034308","primary alcohol metabolic process","15/399","100/16231",0.15,6.10187969924812,8.12413974944317,2.10283919655511e-08,6.52511002691051e-06,6.12301546446594e-06,"AKR1B10/BMP6/ADH7/AKR1C4/ADH4/AKR1C1/CYP11A1/AKR1C3/CES1/ALDH3A2/ALDH1A1/ADH1C/AKR1B15/AKR1C2/CEL",15
"GO:0006721","terpenoid metabolic process","15/399","108/16231",0.138888888888889,5.64988861041493,7.69678432653136,6.07785664101883e-08,1.71450810518922e-05,1.60885557465402e-05,"AKR1B10/ADH7/AKR1C4/ADH4/AKR1C1/AKR1C3/CES1/ALDH3A2/ALDH1A1/ADH1C/UGT1A7/LRP8/AKR1B15/UGT1A1/CEL",15
"GO:0023061","signal release","30/399","413/16231",0.0726392251815981,2.95490542336471,6.38855751222691,1.26325267610179e-07,3.26656087828656e-05,3.06526674506332e-05,"BMP6/RIMS2/FGA/BRSK2/CHGA/UNC13A/INHA/TACR3/SYP/CHRNB2/CHRNA4/HRH3/NMB/IRS2/SYT4/CPLX2/ADRA2C/ABCC8/KCNK16/NRXN1/KCNK9/RPH3A/PTPRN/RFX6/GALR1/GAL/SYT5/SNAP25/TAC1/PLA2G10",30
"GO:0006720","isoprenoid metabolic process","15/399","117/16231",0.128205128205128,5.21528179422916,7.26433194553921,1.79218261816813e-07,4.27780204936593e-05,4.01419255677953e-05,"AKR1B10/ADH7/AKR1C4/ADH4/AKR1C1/AKR1C3/CES1/ALDH3A2/ALDH1A1/ADH1C/UGT1A7/LRP8/AKR1B15/UGT1A1/CEL",15
"GO:1990748","cellular detoxification","15/399","118/16231",0.127118644067797,5.17108449088824,7.21904259657784,2.00780463375461e-07,4.45015555610039e-05,4.17592518392877e-05,"AKR1B10/ADH4/ABCB6/ALDH1A1/MTARC1/TXN/GPX2/SRXN1/NQO1/AMBP/AIFM2/GSR/S100A9/TXNRD1/GSTA1",15
"GO:0033559","unsaturated fatty acid metabolic process","14/399","108/16231",0.12962962962963,5.2732293697206,7.07331456561581,4.01679131571526e-07,7.83105681556671e-05,7.34848635303847e-05,"CYP4F3/PTGR1/EPHX1/CBR1/AKR1C4/AKR1C1/AKR1C3/CYP4F11/CYP4F8/ELOVL2/CYP4F2/AKR1C2/GSTA1/PLA2G10",14
"GO:0006631","fatty acid metabolic process","27/399","366/16231",0.0737704918032787,3.00092444225317,6.14651592265229,4.03792810341822e-07,7.83105681556671e-05,7.34848635303847e-05,"CYP4F3/FASN/UGT1A6/PTGR1/EPHX1/UGT1A10/CBR1/ADH7/AKR1C4/ADH4/AKR1C1/AKR1C3/CYP4F11/CES1/CYP4F8/ALDH3A2/IRS2/PPARGC1A/ELOVL2/UGT1A7/HACD1/CYP4F2/AKR1C2/UGT1A1/PNLIPRP3/GSTA1/PLA2G10",27
"GO:0042363","fat-soluble vitamin catabolic process","6/399","14/16231",0.428571428571429,17.4339419978518,9.76558639395054,5.40167524653555e-07,9.85964605294107e-05,9.25206854862843e-05,"CYP4F3/CYP4F11/CYP4F8/CBR3/CYP4F2/CYP24A1",6
"GO:0097237","cellular response to toxic substance","15/399","130/16231",0.115384615384615,4.69375361480625,6.71260344597957,7.17713449369203e-07,0.000123725824077369,0.000116101511094092,"AKR1B10/ADH4/ABCB6/ALDH1A1/MTARC1/TXN/GPX2/SRXN1/NQO1/AMBP/AIFM2/GSR/S100A9/TXNRD1/GSTA1",15
"GO:0042182","ketone catabolic process","6/399","15/16231",0.4,16.271679197995,9.3937364479608,8.81646948170451e-07,0.000143986867377522,0.000135114015242131,"CYP4F3/CYP4F11/CYP4F8/KYNU/CBR3/CYP4F2",6
"GO:0001508","action potential","16/399","151/16231",0.105960264900662,4.31037859549536,6.48785199378474,9.79438140385998e-07,0.000151959827480888,0.000142595660426526,"FGF12/KCNE4/KCNH2/CHRNB2/CHRNA4/HCN4/KCNH6/ASIC5/UNC80/KCNK16/KCNK9/KCNF1/KCNJ3/KCNJ8/KCNV1/TAC1",16
"GO:0009111","vitamin catabolic process","6/399","16/16231",0.375,15.2546992481203,9.0560203714606,1.38145228718512e-06,0.000204126021292163,0.000191547235206332,"CYP4F3/CYP4F11/CYP4F8/CBR3/CYP4F2/CYP24A1",6
"GO:0006692","prostanoid metabolic process","9/399","46/16231",0.195652173913043,7.95897352075842,7.50318345343543,1.47517914286739e-06,0.000208067312741705,0.000195245653837739,"PTGR1/CBR1/AKR1C4/AKR1C1/AKR1C3/CYP4F8/AKR1C2/GSTA1/PLA2G10",9
"GO:0042391","regulation of membrane potential","27/399","396/16231",0.0681818181818182,2.77358168147642,5.67240943558658,1.85923471762824e-06,0.000237873984045915,0.000223215559109412,"FGF12/RIMS2/KCNH7/KCNE4/KCNH2/CHRNB2/CHRNA4/HCN4/KCNH6/ASIC5/UNC80/CHRNA5/KCNK16/NRXN1/NTSR1/KCNK9/HTR3B/KCNF1/KCNJ3/KCNJ8/GABRB3/POPDC3/GABRA2/KCNV1/MLLT11/GABRA1/TAC1",27
"GO:0006805","xenobiotic metabolic process","14/399","123/16231",0.113821138211382,4.63015261731565,6.41555815764526,1.98603915014428e-06,0.000237873984045915,0.000223215559109412,"GSTA2/UGT1A6/EPHX1/UGT1A10/CBR1/AKR1C1/ALDH3A1/CBR3/UGT1A7/NQO1/ABCC2/CYP4F2/UGT1A1/GSTA1",14
"GO:0030638","polyketide metabolic process","5/399","10/16231",0.5,20.3395989974937,9.71150347371664,1.99314327592452e-06,0.000237873984045915,0.000223215559109412,"AKR1B10/AKR1C4/AKR1C1/AKR1C3/AKR1C2",5
"GO:0044598","doxorubicin metabolic process","5/399","10/16231",0.5,20.3395989974937,9.71150347371664,1.99314327592452e-06,0.000237873984045915,0.000223215559109412,"AKR1B10/AKR1C4/AKR1C1/AKR1C3/AKR1C2",5
"GO:0019731","antibacterial humoral response","11/399","77/16231",0.142857142857143,5.81131399928392,6.71810583841316,2.6895124348251e-06,0.000309094706861566,0.000290047472347992,"WFDC5/FGA/WFDC12/DEFA5/H2BC11/PGC/CALCA/SLPI/TAC1/H2BC4/DEFB1",11
"GO:0071466","cellular response to xenobiotic stimulus","16/399","165/16231",0.096969696969697,3.94464950254424,6.03530908860837,3.18037857972534e-06,0.000352454097603133,0.000330734942589186,"GSTA2/UGT1A6/KCNH2/EPHX1/UGT1A10/CBR1/AKR1C1/UCHL1/ALDH3A1/CBR3/UGT1A7/NQO1/ABCC2/CYP4F2/UGT1A1/GSTA1",16
"GO:0007218","neuropeptide signaling pathway","12/399","95/16231",0.126315789473684,5.13842500989315,6.42209561424441,3.58555708235238e-06,0.000383654607811705,0.000360012794720174,"NPW/CCKBR/PRLHR/TENM1/NMB/SSTR1/NTSR2/NTS/NTSR1/GALR1/GAL/TAC1",12
"GO:0006959","humoral immune response","20/399","252/16231",0.0793650793650794,3.22850777737996,5.66001319001823,4.41573562606823e-06,0.000442000891860958,0.000414763626208736,"WFDC5/FGA/CLU/WFDC12/COLEC11/CFHR3/DEFA5/CFHR1/H2BC11/PGC/HRG/C8G/CALCA/NTS/SLPI/CFHR5/S100A9/TAC1/H2BC4/DEFB1",20
"GO:0015850","organic hydroxy compound transport","20/399","252/16231",0.0793650793650794,3.22850777737996,5.66001319001823,4.41573562606823e-06,0.000442000891860958,0.000414763626208736,"BMP6/CLU/CHGA/SLC5A11/AKR1C4/CHRNB2/AKR1C1/CHRNA4/NMB/CES1/RAB3B/SYT4/ADRA2C/KCNK9/TSKU/GALR1/GAL/ABCC2/TAC1/PLA2G10",20
"GO:0042572","retinol metabolic process","9/399","53/16231",0.169811320754717,6.90778833877146,6.83877418507719,5.09718547112836e-06,0.000494267703653478,0.000463809618623281,"AKR1B10/ADH7/ADH4/AKR1C3/CES1/ALDH1A1/ADH1C/AKR1B15/CEL",9
"GO:0006690","icosanoid metabolic process","13/399","117/16231",0.111111111111111,4.51991088833194,6.06597669141996,6.03213935618548e-06,0.000567203891583137,0.000532251285471917,"CYP4F3/PTGR1/EPHX1/CBR1/AKR1C4/AKR1C1/AKR1C3/CYP4F11/CYP4F8/CYP4F2/AKR1C2/GSTA1/PLA2G10",13
"GO:0071805","potassium ion transmembrane transport","17/399","194/16231",0.0876288659793814,3.56467198925148,5.70491195274798,6.25367153439606e-06,0.000570739493271499,0.00053556901401975,"KCNH7/KCNE4/KCNH2/KCNT1/HCN4/KCNH6/KCNJ18/ABCC8/KCNK16/KCNK9/KCNF1/KCNJ3/KCNJ8/KCNV1/FXYD4/SNAP25/DPP10",17
"GO:0008202","steroid metabolic process","21/399","281/16231",0.0747330960854092,3.04008241243679,5.4764401428953,6.53874967343613e-06,0.000579706863904923,0.000543983791523517,"BMP6/UGT1A6/NR0B1/HSD3B1/UGT1A10/CBR1/AKR1C4/AKR1C1/AKR1C8/CYP11A1/AKR1C3/CES1/CGA/UGT1A7/AKR1B15/TSKU/GAL/AKR1C2/UGT1A1/G6PD/CYP24A1",21
"GO:0019748","secondary metabolic process","9/399","55/16231",0.163636363636364,6.6565960355434,6.67081286417214,7.00285469798836e-06,0.000603607170218275,0.000566411297658829,"AKR1B10/UGT1A10/OCA2/AKR1C4/AKR1C1/AKR1C3/UGT1A7/AKR1C2/OPN3",9
"GO:0006693","prostaglandin metabolic process","8/399","44/16231",0.181818181818182,7.39621781727045,6.74441393228149,1.01492587666143e-05,0.000831581786679624,0.000780337514433975,"PTGR1/AKR1C4/AKR1C1/AKR1C3/CYP4F8/AKR1C2/GSTA1/PLA2G10",8
"GO:0008207","C21-steroid hormone metabolic process","7/399","32/16231",0.21875,8.89857456140351,7.0999849116482,1.01837279709396e-05,0.000831581786679624,0.000780337514433975,"BMP6/HSD3B1/AKR1C4/AKR1C1/CYP11A1/AKR1C3/AKR1C2",7
"GO:1902644","tertiary alcohol metabolic process","6/399","22/16231",0.272727272727273,11.0943267259057,7.52122193564523,1.13561839638849e-05,0.000903544585639357,0.000847865775119155,"AKR1B10/AKR1C4/AKR1C1/CYP11A1/AKR1C3/AKR1C2",6
"GO:0019730","antimicrobial humoral response","15/399","163/16231",0.0920245398773006,3.74348447806633,5.5884737490157,1.21924805837675e-05,0.000945831681285768,0.000887547027929066,"WFDC5/FGA/WFDC12/COLEC11/DEFA5/H2BC11/PGC/HRG/CALCA/NTS/SLPI/S100A9/TAC1/H2BC4/DEFB1",15
"GO:0042440","pigment metabolic process","10/399","74/16231",0.135135135135135,5.49718891824155,6.15537400842491,1.27234757701796e-05,0.000962949885728474,0.000903610363274265,"UGT1A6/UGT1A10/OCA2/ABCB6/UGT1A7/AMBP/ABCC2/UGT1A1/OPN3/GSTA1",10
"GO:0042448","progesterone metabolic process","5/399","14/16231",0.357142857142857,14.5282849982098,8.03894987150816,1.45954259286473e-05,0.00107832396801411,0.00101187478902649,"HSD3B1/AKR1C4/AKR1C1/AKR1C3/AKR1C2",5
"GO:0006813","potassium ion transport","17/399","210/16231",0.080952380952381,3.29307793292756,5.30959590026445,1.77959474756686e-05,0.00128420523295348,0.0012050691051175,"KCNH7/KCNE4/KCNH2/KCNT1/HCN4/KCNH6/KCNJ18/ABCC8/KCNK16/KCNK9/KCNF1/KCNJ3/KCNJ8/KCNV1/FXYD4/SNAP25/DPP10",17
"GO:0046879","hormone secretion","19/399","257/16231",0.0739299610894942,3.00741152492125,5.1496054050741,2.08993674803463e-05,0.00147388039298897,0.00138305597941274,"BMP6/RIMS2/FGA/BRSK2/CHGA/INHA/TACR3/NMB/IRS2/ADRA2C/ABCC8/KCNK16/KCNK9/PTPRN/RFX6/GALR1/GAL/SNAP25/TAC1",19
"GO:2000846","regulation of corticosteroid hormone secretion","5/399","15/16231",0.333333333333333,13.5597326649958,7.72559565861657,2.14523154188858e-05,0.00147925632766228,0.00138810063475263,"BMP6/KCNK9/GALR1/GAL/TAC1",5
"GO:1990573","potassium ion import across plasma membrane","8/399","49/16231",0.163265306122449,6.64150171346734,6.27847953717374,2.31979821803313e-05,0.00156485518925148,0.0014684246677712,"KCNH2/HCN4/KCNJ18/ABCC8/KCNK9/KCNJ3/KCNJ8/FXYD4",8
"GO:0015849","organic acid transport","21/399","308/16231",0.0681818181818182,2.77358168147642,4.9887520856027,2.62119293481131e-05,0.00169449201598323,0.00159007292988006,"SLC6A15/SLC7A11/AKR1C4/SLC25A21/AKR1C1/SLC16A12/SLC26A9/NMB/CES1/IRS2/SLC38A3/SYT4/NTSR1/SPX/SLC16A4/SLC16A14/ABCC2/CYP4F2/SLC6A17/SLC7A2/PLA2G10",21
"GO:0046942","carboxylic acid transport","21/399","308/16231",0.0681818181818182,2.77358168147642,4.9887520856027,2.62119293481131e-05,0.00169449201598323,0.00159007292988006,"SLC6A15/SLC7A11/AKR1C4/SLC25A21/AKR1C1/SLC16A12/SLC26A9/NMB/CES1/IRS2/SLC38A3/SYT4/NTSR1/SPX/SLC16A4/SLC16A14/ABCC2/CYP4F2/SLC6A17/SLC7A2/PLA2G10",21
"GO:0006766","vitamin metabolic process","7/399","38/16231",0.184210526315789,7.49353647276085,6.36190590939148,3.36258996768134e-05,0.00204590522935592,0.00191983113028201,"CYP4F3/AKR1C3/CYP4F11/CYP4F8/CBR3/CYP4F2/CYP24A1",7
"GO:0044060","regulation of endocrine process","7/399","38/16231",0.184210526315789,7.49353647276085,6.36190590939148,3.36258996768134e-05,0.00204590522935592,0.00191983113028201,"BMP6/INHA/TACR3/KCNK9/GALR1/GAL/TAC1",7
"GO:0140353","lipid export from cell","7/399","38/16231",0.184210526315789,7.49353647276085,6.36190590939148,3.36258996768134e-05,0.00204590522935592,0.00191983113028201,"BMP6/NMB/KCNK9/GALR1/GAL/TAC1/PLA2G10",7
"GO:0009914","hormone transport","19/399","270/16231",0.0703703703703704,2.8626102292769,4.89949855781719,4.1242414820378e-05,0.00243895936774183,0.00228866423160654,"BMP6/RIMS2/FGA/BRSK2/CHGA/INHA/TACR3/NMB/IRS2/ADRA2C/ABCC8/KCNK16/KCNK9/PTPRN/RFX6/GALR1/GAL/SNAP25/TAC1",19
"GO:0016137","glycoside metabolic process","5/399","17/16231",0.294117647058824,11.9644699985257,7.18033715347526,4.24440238021459e-05,0.00243895936774183,0.00228866423160654,"AKR1B10/AKR1C4/AKR1C1/AKR1C3/AKR1C2",5
"GO:0035930","corticosteroid hormone secretion","5/399","17/16231",0.294117647058824,11.9644699985257,7.18033715347526,4.24440238021459e-05,0.00243895936774183,0.00228866423160654,"BMP6/KCNK9/GALR1/GAL/TAC1",5
"GO:0046883","regulation of hormone secretion","17/399","226/16231",0.0752212389380531,3.05993967218932,4.95060982281042,4.55094530124557e-05,0.00256756059450273,0.00240934071015768,"BMP6/FGA/BRSK2/CHGA/INHA/TACR3/NMB/IRS2/ADRA2C/ABCC8/KCNK16/KCNK9/RFX6/GALR1/GAL/SNAP25/TAC1",17
"GO:0009812","flavonoid metabolic process","4/399","10/16231",0.4,16.271679197995,7.66877149831465,6.71733374858581e-05,0.00372212261104674,0.00349275555723746,"UGT1A6/UGT1A10/UGT1A7/UGT1A1",4
"GO:0086011","membrane repolarization during action potential","6/399","30/16231",0.2,8.13583959899749,6.21030046814955,7.65120835554964e-05,0.0041652104433808,0.00390853914376844,"KCNE4/KCNH2/KCNH6/KCNK16/KCNJ3/KCNJ8",6
"GO:1905954","positive regulation of lipid localization","10/399","91/16231",0.10989010989011,4.47024153791071,5.26994948125576,7.85814776655013e-05,0.00420410905510432,0.00394504072000962,"BMP6/VSTM2A/NMB/CES1/NTSR1/GALR1/GAL/CYP4F2/TAC1/PLA2G10",10
"GO:0032370","positive regulation of lipid transport","9/399","75/16231",0.12,4.8815037593985,5.34861746037398,8.97296453187806e-05,0.00471917100718942,0.00442836319039995,"BMP6/NMB/CES1/NTSR1/GALR1/GAL/CYP4F2/TAC1/PLA2G10",9
"GO:0042573","retinoic acid metabolic process","6/399","31/16231",0.193548387096774,7.87339316032016,6.08096275187607,9.29246017581681e-05,0.00480575065425993,0.00450960757030073,"ADH7/AKR1C3/ALDH1A1/ADH1C/UGT1A7/UGT1A1",6
"GO:2000831","regulation of steroid hormone secretion","5/399","20/16231",0.25,10.1697994987469,6.51399996434529,0.000100062020084086,0.00509004013640848,0.00477637838158233,"BMP6/KCNK9/GALR1/GAL/TAC1",5
"GO:0048499","synaptic vesicle membrane organization","6/399","32/16231",0.1875,7.62734962406015,5.9572878586188,0.000112018649555221,0.00560635273499759,0.00526087443032659,"SYP/SYT4/CPLX2/RPH3A/SYT5/SNAP25",6
"GO:0006066","alcohol metabolic process","20/399","316/16231",0.0632911392405063,2.57463278449288,4.48742627353563,0.000113867088722126,0.00560840597309138,0.00526280114245077,"AKR1B10/BMP6/ADH7/AKR1C4/ADH4/AKR1C1/AKR1C8/CYP11A1/AKR1C3/CES1/ALDH3A2/ALDH1A1/ADH1C/NTSR1/AKR1B15/TSKU/AKR1C2/CEL/G6PD/CYP24A1",20
"GO:1903530","regulation of secretion by cell","27/399","500/16231",0.054,2.19667669172932,4.31480810590061,0.000117230340594893,0.00568383979478049,0.00533358653225131,"BMP6/RIMS2/FGA/BRSK2/CHGA/INHA/TACR3/CHRNB2/CHRNA4/NMB/RAB26/IRS2/SYT4/CPLX2/ADRA2C/ABCC8/KCNK16/NTSR1/KCNK9/RPH3A/RFX6/GALR1/GAL/SYT5/SNAP25/TAC1/PLA2G10",27
"GO:0060986","endocrine hormone secretion","7/399","47/16231",0.148936170212766,6.05860395670026,5.51333638170623,0.000138548010503633,0.00661406887065806,0.00620649242864292,"BMP6/INHA/TACR3/KCNK9/GALR1/GAL/TAC1",7
"GO:0009948","anterior/posterior axis specification","6/399","35/16231",0.171428571428571,6.97357679914071,5.61619795252758,0.000188540478035825,0.00886425914159339,0.00831802001516722,"RIPPLY2/OTX2/ZIC3/BASP1/CDX2/CRIPTO",6
"GO:0032368","regulation of lipid transport","11/399","121/16231",0.0909090909090909,3.69810890863522,4.72914040378961,0.000195836157930274,0.0089315478058089,0.00838116217367115,"BMP6/NMB/CES1/IRS2/NTSR1/KCNK9/GALR1/GAL/CYP4F2/TAC1/PLA2G10",11
"GO:0015718","monocarboxylic acid transport","13/399","163/16231",0.0797546012269939,3.24435321432415,4.57174411666793,0.000198544719943926,0.0089315478058089,0.00838116217367115,"AKR1C4/AKR1C1/SLC16A12/NMB/CES1/IRS2/NTSR1/SPX/SLC16A4/SLC16A14/ABCC2/CYP4F2/PLA2G10",13
"GO:0015711","organic anion transport","23/399","408/16231",0.0563725490196078,2.29319008305076,4.19977331916555,0.000201537820116033,0.0089315478058089,0.00838116217367115,"SLC39A5/SLC6A15/SLC7A11/AKR1C4/SLC25A21/AKR1C1/SLC16A12/GLTPD2/SLC26A9/NMB/CES1/IRS2/SLC38A3/SYT4/NTSR1/SPX/SLC16A4/SLC16A14/ABCC2/CYP4F2/SLC6A17/SLC7A2/PLA2G10",23
"GO:0009074","aromatic amino acid family catabolic process","5/399","23/16231",0.217391304347826,8.8433039119538,5.9755249560443,0.000204363485082962,0.0089315478058089,0.00838116217367115,"PAH/HGD/KYNU/TAT/HAL",5
"GO:0035929","steroid hormone secretion","5/399","23/16231",0.217391304347826,8.8433039119538,5.9755249560443,0.000204363485082962,0.0089315478058089,0.00838116217367115,"BMP6/KCNK9/GALR1/GAL/TAC1",5
"GO:2000833","positive regulation of steroid hormone secretion","4/399","13/16231",0.307692307692308,12.51667630615,6.59444128481752,0.000215677120075477,0.00920712303275667,0.00863975572523825,"BMP6/GALR1/GAL/TAC1",4
"GO:0098869","cellular oxidant detoxification","9/399","84/16231",0.107142857142857,4.35848549946294,4.89908545662039,0.000216603281144453,0.00920712303275667,0.00863975572523825,"TXN/GPX2/SRXN1/NQO1/AMBP/GSR/S100A9/TXNRD1/GSTA1",9
"GO:1905952","regulation of lipid localization","12/399","144/16231",0.0833333333333333,3.38993316624896,4.5730640961423,0.000231004995063097,0.00960203118393405,0.00901032859017546,"BMP6/VSTM2A/NMB/CES1/IRS2/NTSR1/KCNK9/GALR1/GAL/CYP4F2/TAC1/PLA2G10",12
"GO:0051932","synaptic transmission, GABAergic","7/399","51/16231",0.137254901960784,5.58341933264534,5.20431097024339,0.000234421359274335,0.00960203118393405,0.00901032859017546,"GABRQ/GABRR3/NRXN1/GABRB3/GABRA2/GABRA1/TAC1",7
"GO:0015837","amine transport","9/399","85/16231",0.105882352941176,4.30720919946926,4.85306908048644,0.000237090552978912,0.00960203118393405,0.00901032859017546,"CHGA/CHRNB2/CHRNA4/SLC38A3/SLC47A2/SYT4/ADRA2C/NTSR1/SLC14A2",9
"GO:0009410","response to xenobiotic stimulus","20/399","334/16231",0.0598802395209581,2.43588011946033,4.20931712242024,0.000238271479588438,0.00960203118393405,0.00901032859017546,"GSTA2/UGT1A6/CPS1/KCNH2/EPHX1/UGT1A10/CBR1/GCLM/AKR1C1/UCHL1/ALDH3A1/CBR3/ABCC8/UGT1A7/NQO1/GAL/ABCC2/CYP4F2/UGT1A1/GSTA1",20
"GO:0007188","adenylate cyclase-modulating G protein-coupled receptor signaling pathway","17/399","260/16231",0.0653846153846154,2.65979371505687,4.28304415886965,0.000250676638144677,0.00981216911129261,0.00920751726187309,"VIPR2/RIMS2/CHGA/TACR3/HRH3/GNAT1/CALCB/ADRA2C/CALCA/NRXN1/TAAR1/CCR3/PDE4D/GALR1/GAL/TAC1/OPN3",17
"GO:0007214","gamma-aminobutyric acid signaling pathway","5/399","24/16231",0.208333333333333,8.47483291562239,5.81746275247299,0.000252972455334647,0.00981216911129261,0.00920751726187309,"GABRQ/GABRR3/GABRB3/GABRA2/GABRA1",5
"GO:0007274","neuromuscular synaptic transmission","5/399","24/16231",0.208333333333333,8.47483291562239,5.81746275247299,0.000252972455334647,0.00981216911129261,0.00920751726187309,"RIMBP2/CHRNB2/CHRNA4/CHRNA5/NRXN1",5
"GO:0008210","estrogen metabolic process","6/399","37/16231",0.162162162162162,6.59662670188986,5.4103822785701,0.000259076683355094,0.00992487590680071,0.00931327876612364,"UGT1A6/HSD3B1/UGT1A10/UGT1A7/AKR1B15/UGT1A1",6
"GO:0042167","heme catabolic process","4/399","14/16231",0.285714285714286,11.6226279985678,6.31231334906577,0.000296109797734208,0.01107022532975,0.0103880487240267,"AMBP/ABCC2/UGT1A1/GSTA1",4
"GO:0046149","pigment catabolic process","4/399","14/16231",0.285714285714286,11.6226279985678,6.31231334906577,0.000296109797734208,0.01107022532975,0.0103880487240267,"AMBP/ABCC2/UGT1A1/GSTA1",4
"GO:0086013","membrane repolarization during cardiac muscle cell action potential","5/399","25/16231",0.2,8.13583959899749,5.66832813829056,0.000309885170575461,0.0114473057654245,0.0107418924645093,"KCNE4/KCNH2/KCNH6/KCNJ3/KCNJ8",5
"GO:0099625","ventricular cardiac muscle cell membrane repolarization","5/399","26/16231",0.192307692307692,7.82292269134374,5.52726674278916,0.000375991187555338,0.0137125218268996,0.0128675199125626,"KCNE4/KCNH2/KCNH6/KCNJ3/KCNJ8",5
"GO:0010876","lipid localization","23/399","427/16231",0.053864168618267,2.19115118005787,3.95981712490824,0.000385533659499556,0.0137125218268996,0.0128675199125626,"BMP6/CLU/XKR7/HSD17B13/AKR1C4/SLC25A21/AKR1C1/GLTPD2/VSTM2A/NMB/CES1/IRS2/NTSR1/KCNK9/CIDEA/TSKU/SPX/GALR1/GAL/ABCC2/CYP4F2/TAC1/PLA2G10",23
"GO:0006570","tyrosine metabolic process","4/399","15/16231",0.266666666666667,10.8477861319967,6.05745486927234,0.000395985245848872,0.0137125218268996,0.0128675199125626,"PAH/OCA2/HGD/TAT",4
"GO:0006787","porphyrin-containing compound catabolic process","4/399","15/16231",0.266666666666667,10.8477861319967,6.05745486927234,0.000395985245848872,0.0137125218268996,0.0128675199125626,"AMBP/ABCC2/UGT1A1/GSTA1",4
"GO:0033015","tetrapyrrole catabolic process","4/399","15/16231",0.266666666666667,10.8477861319967,6.05745486927234,0.000395985245848872,0.0137125218268996,0.0128675199125626,"AMBP/ABCC2/UGT1A1/GSTA1",4
"GO:0006836","neurotransmitter transport","14/399","198/16231",0.0707070707070707,2.87630692893851,4.21703201737493,0.000397720581508527,0.0137125218268996,0.0128675199125626,"RIMS2/SLC6A15/UNC13A/SYP/HRH3/GABRQ/RAB3B/SYT4/CPLX2/NRXN1/RPH3A/SYT5/SLC6A17/SNAP25",14
"GO:0044282","small molecule catabolic process","20/399","348/16231",0.0574712643678161,2.33788494224066,4.00516061641474,0.000405436118402457,0.0138249261033278,0.0129729975397602,"AKR1B10/CYP4F3/PAH/ADH4/HGD/AKR1C3/CYP4F11/CES1/CYP4F8/IRS2/KYNU/TAT/GLDC/CBR3/NTSR1/ENO3/ASPG/CYP4F2/HAL/CYP24A1",20
"GO:0002027","regulation of heart rate","9/399","92/16231",0.0978260869565217,3.97948676037921,4.54961743945957,0.000430297076872851,0.0143134943867457,0.0134314589515185,"KCNE4/KCNH2/TACR3/HCN4/KCNH6/KCNJ3/SPX/PDE4D/TAC1",9
"GO:0007586","digestion","10/399","112/16231",0.0892857142857143,3.63207124955245,4.43726557218407,0.000438571162308033,0.0143134943867457,0.0134314589515185,"PIR/AKR1C1/CLPSL2/PGC/CLPSL1/PPARGC1A/MUC2/AKR1C2/SI/CEL",10
"GO:0046887","positive regulation of hormone secretion","11/399","133/16231",0.0827067669172932,3.36444494695385,4.3465720458765,0.000445380827958066,0.0143134943867457,0.0134314589515185,"BMP6/FGA/INHA/TACR3/NMB/IRS2/ABCC8/RFX6/GALR1/GAL/TAC1",11
"GO:0016082","synaptic vesicle priming","5/399","27/16231",0.185185185185185,7.53318481388657,5.39353530492651,0.000452216982333015,0.0143134943867457,0.0134314589515185,"RIMS2/UNC13A/SYP/RPH3A/SNAP25",5
"GO:0031629","synaptic vesicle fusion to presynaptic active zone membrane","5/399","27/16231",0.185185185185185,7.53318481388657,5.39353530492651,0.000452216982333015,0.0143134943867457,0.0134314589515185,"SYT4/CPLX2/RPH3A/SYT5/SNAP25",5
"GO:0099500","vesicle fusion to plasma membrane","5/399","27/16231",0.185185185185185,7.53318481388657,5.39353530492651,0.000452216982333015,0.0143134943867457,0.0134314589515185,"SYT4/CPLX2/RPH3A/SYT5/SNAP25",5
"GO:0006584","catecholamine metabolic process","6/399","41/16231",0.146341463414634,5.95305336512012,5.04103053758527,0.000461279226127801,0.0143134943867457,0.0134314589515185,"PAH/TACR3/CHRNB2/MAOA/INSM1/DDC",6
"GO:0009072","aromatic amino acid metabolic process","6/399","41/16231",0.146341463414634,5.95305336512012,5.04103053758527,0.000461279226127801,0.0143134943867457,0.0134314589515185,"PAH/OCA2/HGD/KYNU/TAT/HAL",6
"GO:0009712","catechol-containing compound metabolic process","6/399","41/16231",0.146341463414634,5.95305336512012,5.04103053758527,0.000461279226127801,0.0143134943867457,0.0134314589515185,"PAH/TACR3/CHRNB2/MAOA/INSM1/DDC",6
"GO:0006081","aldehyde metabolic process","8/399","75/16231",0.106666666666667,4.33911445279866,4.60121823176945,0.000497941984717736,0.0152981582037538,0.0143554451761148,"BMP6/TALDO1/ADH4/AKR1C1/AKR1C3/ALDH3A2/ALDH1A1/ALDH3A1",8
"GO:0098915","membrane repolarization during ventricular cardiac muscle cell action potential","4/399","16/16231",0.25,10.1697994987469,5.82558001522278,0.000517788516123761,0.015751938877765,0.0147812626830974,"KCNE4/KCNH2/KCNJ3/KCNJ8",4
"GO:0006869","lipid transport","22/399","410/16231",0.0536585365853659,2.18278623387738,3.85087162978536,0.0005407046806498,0.016289384699576,0.0152855896698747,"BMP6/CLU/XKR7/HSD17B13/AKR1C4/SLC25A21/AKR1C1/GLTPD2/NMB/CES1/IRS2/NTSR1/KCNK9/CIDEA/TSKU/SPX/GALR1/GAL/ABCC2/CYP4F2/TAC1/PLA2G10",22
"GO:0032890","regulation of organic acid transport","7/399","60/16231",0.116666666666667,4.74590643274854,4.61468359364079,0.000647123836244248,0.0193079352294798,0.0181181291211096,"CES1/IRS2/SLC38A3/SYT4/NTSR1/CYP4F2/PLA2G10",7
"GO:0030855","epithelial cell differentiation","25/399","500/16231",0.05,2.03395989974937,3.72810683741795,0.000653714400373086,0.0193188169938827,0.0181283403223683,"BMP6/ACTL8/PKP1/GSTA2/CPS1/CBR1/PERCC1/AKR1C1/PROC/AKR1C3/CES1/TRIM16/ASCL1/BASP1/WNT16/RFX6/PDE4D/INSM1/MSI1/CDX2/DACT2/KRT83/AKR1C2/OPN3/GSTA1",25
"GO:1901605","alpha-amino acid metabolic process","13/399","186/16231",0.0698924731182796,2.84316975233783,4.01356003249951,0.000708214613801721,0.0207319806285542,0.0194544210709271,"CPS1/PAH/ODC1/GCLM/OCA2/GCLC/HGD/KYNU/TAT/GLDC/BHMT2/ASPG/HAL",13
"GO:0098739","import across plasma membrane","16/399","260/16231",0.0615384615384615,2.50333526123,3.87930816403488,0.000732520893063357,0.0212431058988373,0.0199340494482749,"KCNH2/SLC39A5/SLC7A11/HCN4/ASIC5/IRS2/SLC38A3/KCNJ18/ABCC8/NTSR1/KCNK9/KCNJ3/KCNJ8/FXYD4/SLC7A2/OPN3",16
"GO:0008015","blood circulation","23/399","449/16231",0.0512249443207127,2.08378965230448,3.69713209961696,0.000769924734111162,0.0220858869668801,0.0207248961146917,"BMP6/FGF12/KCNE4/FGA/CPS1/KCNH2/CHGA/GCLM/TACR3/GCLC/HCN4/KCNH6/ADRA2C/CALCA/ABCC8/NTS/NTSR1/KCNJ3/KCNJ8/SPX/PDE4D/CYP4F2/TAC1",23
"GO:0051047","positive regulation of secretion","17/399","287/16231",0.0592334494773519,2.40956921921529,3.82478062011113,0.000775817492552346,0.0220858869668801,0.0207248961146917,"BMP6/FGA/INHA/TACR3/CHRNB2/NMB/IRS2/SYT4/ABCC8/NTSR1/RPH3A/RFX6/GALR1/GAL/CYP4F2/TAC1/PLA2G10",17
"GO:0021700","developmental maturation","15/399","237/16231",0.0632911392405063,2.57463278449288,3.87661555202003,0.000799480179112668,0.0225526090526055,0.0211628575493218,"CABYR/OCA2/SYP/SYBU/BCAN/SRRM4/SEZ6/NRXN1/NEFL/PTPRN/RND1/GAL/G6PD/NRCAM/DEFB1",15
"GO:0061844","antimicrobial humoral immune response mediated by antimicrobial peptide","10/399","121/16231",0.0826446280991736,3.36191718966839,4.139876628522,0.000806922798757955,0.0225574904914048,0.0211674381809331,"DEFA5/H2BC11/PGC/HRG/CALCA/NTS/S100A9/TAC1/H2BC4/DEFB1",10
"GO:0006887","exocytosis","19/399","341/16231",0.0557184750733138,2.26658287948611,3.75255158789034,0.000816033850553137,0.0226085092702356,0.0212153130474826,"RIMS2/FGA/BRSK2/CHGA/UNC13A/SYP/WIPF3/RAB26/KLRF2/RAB3B/SYT4/CPLX2/STXBP5L/RAB3C/RPH3A/TRIM72/SYT5/SNAP25/TAC1",19
"GO:0060080","inhibitory postsynaptic potential","4/399","18/16231",0.222222222222222,9.03982177666388,5.41787274314084,0.000837322937316738,0.0229930360574676,0.0215761442756171,"RIMS2/CHRNA4/NTSR1/GABRB3",4
"GO:0098900","regulation of action potential","7/399","63/16231",0.111111111111111,4.51991088833194,4.44377038627176,0.000870485313191633,0.0236939993581898,0.0222339123611581,"FGF12/CHRNB2/HCN4/UNC80/KCNK16/KCNK9/TAC1",7
"GO:0051952","regulation of amine transport","7/399","64/16231",0.109375,4.44928728070175,4.38917050335976,0.000957103714909351,0.0258251550205541,0.0242337405669698,"CHGA/CHRNB2/CHRNA4/SLC38A3/SYT4/ADRA2C/NTSR1",7
"GO:0007189","adenylate cyclase-activating G protein-coupled receptor signaling pathway","12/399","169/16231",0.0710059171597633,2.88846376295769,3.91768951606189,0.000979537646426292,0.0260461764804627,0.0244411420991154,"VIPR2/CHGA/TACR3/HRH3/CALCB/CALCA/NRXN1/TAAR1/PDE4D/GALR1/GAL/TAC1",12
"GO:0140029","exocytic process","8/399","83/16231",0.0963855421686747,3.92088655373373,4.23518301675629,0.000982082709704847,0.0260461764804627,0.0244411420991154,"RIMS2/UNC13A/SYP/SYT4/CPLX2/RPH3A/SYT5/SNAP25",8
"GO:0031630","regulation of synaptic vesicle fusion to presynaptic active zone membrane","4/399","19/16231",0.210526315789474,8.56404168315526,5.23709236567874,0.00104018660958025,0.0271235214246009,0.0254520981943102,"SYT4/CPLX2/RPH3A/SYT5",4
"GO:1901632","regulation of synaptic vesicle membrane organization","4/399","19/16231",0.210526315789474,8.56404168315526,5.23709236567874,0.00104018660958025,0.0271235214246009,0.0254520981943102,"SYT4/CPLX2/RPH3A/SYT5",4
"GO:0006576","biogenic amine metabolic process","7/399","65/16231",0.107692307692308,4.3808367071525,4.33568181898383,0.00105036514610722,0.0271606920697559,0.0254869782858596,"PAH/ODC1/TACR3/CHRNB2/MAOA/INSM1/DDC",7
"GO:0003018","vascular process in circulatory system","15/399","245/16231",0.0612244897959184,2.49056314255025,3.7319974056102,0.00111887231798374,0.0286930644851533,0.0269249218543364,"BMP6/FGA/CPS1/GCLM/GCLC/SLC16A12/SLC38A3/ADRA2C/CALCA/ABCC8/NTS/KCNJ8/ABCC2/SLC6A17/SLC7A2",15
"GO:1903532","positive regulation of secretion by cell","16/399","271/16231",0.0590405904059041,2.40172386686273,3.69409863423534,0.00113571263163502,0.0288861991472415,0.0271061550470049,"BMP6/FGA/INHA/TACR3/CHRNB2/NMB/IRS2/SYT4/ABCC8/NTSR1/RPH3A/RFX6/GALR1/GAL/TAC1/PLA2G10",16
"GO:0007271","synaptic transmission, cholinergic","5/399","33/16231",0.151515151515152,6.16351484772537,4.71356521254212,0.00117803153529708,0.0297189581628199,0.0278875972463749,"CHRNB2/CHRNA4/CHRNA5/NQO1/TAC1",5
"GO:0009581","detection of external stimulus","9/399","106/16231",0.0849056603773585,3.45389416938573,4.02380306254829,0.0012043364046227,0.0301375472866471,0.0282803917997051,"TMC1/TRPC3/GNAT1/PKD1L2/NTSR1/EYS/TMC2/TAC1/OPN3",9
"GO:0032094","response to food","5/399","34/16231",0.147058823529412,5.98223499926286,4.61662068188834,0.00135364176518618,0.0323184787176617,0.0303269284594655,"CPS1/NTSR1/GAST/SPX/G6PD",5
"GO:0032892","positive regulation of organic acid transport","5/399","34/16231",0.147058823529412,5.98223499926286,4.61662068188834,0.00135364176518618,0.0323184787176617,0.0303269284594655,"SLC38A3/SYT4/NTSR1/CYP4F2/PLA2G10",5
"GO:0050433","regulation of catecholamine secretion","5/399","34/16231",0.147058823529412,5.98223499926286,4.61662068188834,0.00135364176518618,0.0323184787176617,0.0303269284594655,"CHGA/CHRNB2/CHRNA4/SYT4/ADRA2C",5
"GO:0006749","glutathione metabolic process","6/399","50/16231",0.12,4.8815037593985,4.36375291080087,0.00135398073905769,0.0323184787176617,0.0303269284594655,"GSTA2/GCLM/GCLC/GSR/G6PD/GSTA1",6
"GO:0051937","catecholamine transport","6/399","50/16231",0.12,4.8815037593985,4.36375291080087,0.00135398073905769,0.0323184787176617,0.0303269284594655,"CHGA/CHRNB2/CHRNA4/RAB3B/SYT4/ADRA2C",6
"GO:0086009","membrane repolarization","6/399","50/16231",0.12,4.8815037593985,4.36375291080087,0.00135398073905769,0.0323184787176617,0.0303269284594655,"KCNE4/KCNH2/KCNH6/KCNK16/KCNJ3/KCNJ8",6
"GO:0001676","long-chain fatty acid metabolic process","9/399","109/16231",0.0825688073394495,3.35883286197144,3.9226429319183,0.00146628038857142,0.0343193220640055,0.0322044745393187,"CYP4F3/PTGR1/EPHX1/CYP4F11/CYP4F8/ELOVL2/CYP4F2/GSTA1/PLA2G10",9
"GO:0009582","detection of abiotic stimulus","9/399","109/16231",0.0825688073394495,3.35883286197144,3.9226429319183,0.00146628038857142,0.0343193220640055,0.0322044745393187,"TMC1/TRPC3/GNAT1/PKD1L2/NTSR1/EYS/TMC2/TAC1/OPN3",9
"GO:0098659","inorganic cation import across plasma membrane","10/399","131/16231",0.0763358778625954,3.1052822896937,3.84070423256843,0.00148204613489421,0.0343193220640055,0.0322044745393187,"KCNH2/SLC39A5/HCN4/ASIC5/KCNJ18/ABCC8/KCNK9/KCNJ3/KCNJ8/FXYD4",10
"GO:0099587","inorganic ion import across plasma membrane","10/399","131/16231",0.0763358778625954,3.1052822896937,3.84070423256843,0.00148204613489421,0.0343193220640055,0.0322044745393187,"KCNH2/SLC39A5/HCN4/ASIC5/KCNJ18/ABCC8/KCNK9/KCNJ3/KCNJ8/FXYD4",10
"GO:0032252","secretory granule localization","4/399","21/16231",0.19047619047619,7.7484186657119,4.91244809996545,0.00154498756662367,0.0348106518591137,0.0326655272911027,"UNC13A/SYT4/MAP2/SNAP25",4
"GO:0032253","dense core granule localization","4/399","21/16231",0.19047619047619,7.7484186657119,4.91244809996545,0.00154498756662367,0.0348106518591137,0.0326655272911027,"UNC13A/SYT4/MAP2/SNAP25",4
"GO:0018958","phenol-containing compound metabolic process","8/399","89/16231",0.0898876404494382,3.65655712314494,3.98945258528803,0.00154832463730942,0.0348106518591137,0.0326655272911027,"PAH/TACR3/OCA2/CHRNB2/MAOA/INSM1/DDC/OPN3",8
"GO:0035933","glucocorticoid secretion","3/399","10/16231",0.3,12.2037593984962,5.62603952291266,0.00155568957639843,0.0348106518591137,0.0326655272911027,"GALR1/GAL/TAC1",3
"GO:0071692","protein localization to extracellular region","17/399","306/16231",0.0555555555555556,2.25995544416597,3.53227084992795,0.00155935565852943,0.0348106518591137,0.0326655272911027,"BMP6/RIMS2/FGA/BRSK2/SNCG/CHGA/SCG2/IRS2/SYT4/UMOD/ADRA2C/ABCC8/KCNK16/PTPRN/RFX6/GAL/SNAP25",17
"GO:0050832","defense response to fungus","6/399","52/16231",0.115384615384615,4.69375361480625,4.23517709040375,0.00166473553305024,0.0368976739932493,0.0346239415935885,"CHGA/DEFA5/HRG/CALCA/S100A9/TAC1",6
"GO:0042742","defense response to bacterium","15/399","256/16231",0.05859375,2.3835467575188,3.54218473617042,0.00172850121499057,0.0379628640611584,0.0356234918282212,"WFDC5/FGA/CHGA/WFDC12/DEFA5/H2BC11/PGC/UMOD/VGF/CALCA/SLPI/S100A9/TAC1/H2BC4/DEFB1",15
"GO:0060078","regulation of postsynaptic membrane potential","10/399","134/16231",0.0746268656716418,3.03576104440205,3.75650995353169,0.00175631466997394,0.0379628640611584,0.0356234918282212,"RIMS2/CHRNB2/CHRNA4/CHRNA5/NRXN1/NTSR1/HTR3B/GABRB3/GABRA2/GABRA1",10
"GO:0050432","catecholamine secretion","5/399","36/16231",0.138888888888889,5.64988861041493,4.4338514717001,0.00176173136474599,0.0379628640611584,0.0356234918282212,"CHGA/CHRNB2/CHRNA4/SYT4/ADRA2C",5
"GO:0099622","cardiac muscle cell membrane repolarization","5/399","36/16231",0.138888888888889,5.64988861041493,4.4338514717001,0.00176173136474599,0.0379628640611584,0.0356234918282212,"KCNE4/KCNH2/KCNH6/KCNJ3/KCNJ8",5
"GO:1903861","positive regulation of dendrite extension","4/399","22/16231",0.181818181818182,7.39621781727045,4.76578330171922,0.00185204973791145,0.039633864391305,0.0371915206921667,"RIMS2/UNC13A/SYT4/CACNG7",4
"GO:0050829","defense response to Gram-negative bacterium","7/399","72/16231",0.0972222222222222,3.95492202729045,3.98917281106403,0.00191963303464189,0.0407280962300616,0.0382183230668065,"CHGA/DEFA5/H2BC11/UMOD/CALCA/TAC1/DEFB1",7
"GO:0006814","sodium ion transport","14/399","233/16231",0.0600858369098712,2.44424365635118,3.52503472915395,0.00192943285395393,0.0407280962300616,0.0382183230668065,"FGF12/SLC6A15/SLC5A11/HCN4/TESC/ASIC5/SLC38A3/UNC80/NKAIN2/SIK1/KCNK9/FXYD4/NKAIN1/SLC6A17",14
"GO:0007269","neurotransmitter secretion","10/399","136/16231",0.0735294117647059,2.99111749963143,3.70167827550764,0.00196096577045705,0.0408380992330753,0.0383215473934175,"RIMS2/UNC13A/SYP/HRH3/SYT4/CPLX2/NRXN1/RPH3A/SYT5/SNAP25",10
"GO:0099643","signal release from synapse","10/399","136/16231",0.0735294117647059,2.99111749963143,3.70167827550764,0.00196096577045705,0.0408380992330753,0.0383215473934175,"RIMS2/UNC13A/SYP/HRH3/SYT4/CPLX2/NRXN1/RPH3A/SYT5/SNAP25",10
"GO:0046888","negative regulation of hormone secretion","6/399","54/16231",0.111111111111111,4.51991088833194,4.11298734391465,0.00202685646512197,0.0415101571573275,0.0389521913283461,"CHGA/INHA/NMB/ADRA2C/ABCC8/KCNK9",6
"GO:0045833","negative regulation of lipid metabolic process","8/399","93/16231",0.0860215053763441,3.49928584903118,3.83716404233028,0.00205133773831949,0.0415101571573275,0.0389521913283461,"UGT1A6/NR0B1/UGT1A10/AKR1C3/UGT1A7/SIK1/CIDEA/UGT1A1",8
"GO:0003353","positive regulation of cilium movement","3/399","11/16231",0.272727272727273,11.0943267259057,5.31650335596746,0.0021002560985177,0.0415101571573275,0.0389521913283461,"TACR3/TAC1/DEFB1",3
"GO:0033604","negative regulation of catecholamine secretion","3/399","11/16231",0.272727272727273,11.0943267259057,5.31650335596746,0.0021002560985177,0.0415101571573275,0.0389521913283461,"CHGA/SYT4/ADRA2C",3
"GO:0060004","reflex","3/399","11/16231",0.272727272727273,11.0943267259057,5.31650335596746,0.0021002560985177,0.0415101571573275,0.0389521913283461,"TMC1/NMB/TMC2",3
"GO:0097267","omega-hydroxylase P450 pathway","3/399","11/16231",0.272727272727273,11.0943267259057,5.31650335596746,0.0021002560985177,0.0415101571573275,0.0389521913283461,"CYP4F3/CYP4F11/CYP4F2",3
"GO:1902093","positive regulation of flagellated sperm motility","3/399","11/16231",0.272727272727273,11.0943267259057,5.31650335596746,0.0021002560985177,0.0415101571573275,0.0389521913283461,"TACR3/TAC1/DEFB1",3
"GO:2000155","positive regulation of cilium-dependent cell motility","3/399","11/16231",0.272727272727273,11.0943267259057,5.31650335596746,0.0021002560985177,0.0415101571573275,0.0389521913283461,"TACR3/TAC1/DEFB1",3
"GO:0050804","modulation of chemical synaptic transmission","22/399","456/16231",0.0482456140350877,1.96259288572308,3.30992537322528,0.00212283792507257,0.0416909245664568,0.0391218193709393,"RIMS2/SHISA9/UNC13A/SYP/CHRNB2/CAMKV/CHRNA4/NEFH/CHRNA5/SYT4/CACNG7/CPLX2/VGF/PFN2/NRXN1/LRP8/NEFL/GABRB3/DKK1/SYT5/INA/TAC1",22
"GO:0016079","synaptic vesicle exocytosis","8/399","94/16231",0.0851063829787234,3.46205940382872,3.80039616967174,0.00219521374624756,0.0428411839912339,0.0402011967633528,"RIMS2/UNC13A/SYP/SYT4/CPLX2/RPH3A/SYT5/SNAP25",8
"GO:0099177","regulation of trans-synaptic signaling","22/399","458/16231",0.0480349344978166,1.95402261111293,3.28785058102098,0.00224020710449446,0.0431616855117609,0.0405019481312958,"RIMS2/SHISA9/UNC13A/SYP/CHRNB2/CAMKV/CHRNA4/NEFH/CHRNA5/SYT4/CACNG7/CPLX2/VGF/PFN2/NRXN1/LRP8/NEFL/GABRB3/DKK1/SYT5/INA/TAC1",22
"GO:0006520","amino acid metabolic process","15/399","263/16231",0.0570342205323194,2.320106349524,3.42641016177988,0.00224513685338524,0.0431616855117609,0.0405019481312958,"CPS1/PAH/ODC1/GCLM/OCA2/GCLC/HGD/ALDH1A1/KYNU/TAT/GLDC/BHMT2/ASPG/DDC/HAL",15
"GO:0071398","cellular response to fatty acid","5/399","38/16231",0.131578947368421,5.35252605197204,4.26429593904294,0.00225336546983734,0.0431616855117609,0.0405019481312958,"CPS1/AKR1C4/AKR1C1/AKR1C3/AKR1C2",5
"GO:1905039","carboxylic acid transmembrane transport","10/399","139/16231",0.0719424460431655,2.92656100683363,3.62128721489284,0.0023036213389973,0.0438536013184578,0.0411512262533568,"SLC6A15/SLC7A11/SLC25A21/SLC16A12/IRS2/SLC38A3/NTSR1/SLC16A4/SLC16A14/SLC7A2",10
"GO:0009308","amine metabolic process","7/399","75/16231",0.0933333333333333,3.79672514619883,3.85381900316493,0.00242935480903482,0.0459651705636284,0.0431326750088793,"PAH/ODC1/TACR3/CHRNB2/MAOA/INSM1/DDC",7
"GO:0070542","response to fatty acid","6/399","56/16231",0.107142857142857,4.35848549946294,3.99662281756564,0.00244552789550077,0.0459907458165992,0.0431566742470228,"CPS1/AKR1C4/AKR1C1/AKR1C3/GLDC/AKR1C2",6
"GO:0099188","postsynaptic cytoskeleton organization","4/399","24/16231",0.166666666666667,6.77986633249791,4.49831554539565,0.00258812277408874,0.0478245730420047,0.0448774961816734,"ACTL8/NEFH/NEFL/INA",4
"GO:1903859","regulation of dendrite extension","4/399","24/16231",0.166666666666667,6.77986633249791,4.49831554539565,0.00258812277408874,0.0478245730420047,0.0448774961816734,"RIMS2/UNC13A/SYT4/CACNG7",4
"GO:0030073","insulin secretion","11/399","165/16231",0.0666666666666667,2.71194653299916,3.50877972434216,0.00258927756076596,0.0478245730420047,0.0448774961816734,"RIMS2/BRSK2/CHGA/IRS2/ADRA2C/ABCC8/KCNK16/PTPRN/RFX6/GAL/SNAP25",11
"GO:0009620","response to fungus","6/399","57/16231",0.105263157894737,4.28202084157763,3.94046850075803,0.00267772835386597,0.0491656277044147,0.0461359115038314,"CHGA/DEFA5/HRG/CALCA/S100A9/TAC1",6
"GO:0016081","synaptic vesicle docking","3/399","12/16231",0.25,10.1697994987469,5.04447812436202,0.00274958769946419,0.049317749314667,0.0462786589775464,"RIMS2/UNC13A/SNAP25",3
"GO:0032305","positive regulation of icosanoid secretion","3/399","12/16231",0.25,10.1697994987469,5.04447812436202,0.00274958769946419,0.049317749314667,0.0462786589775464,"NTSR1/CYP4F2/PLA2G10",3
"GO:0035729","cellular response to hepatocyte growth factor stimulus","3/399","12/16231",0.25,10.1697994987469,5.04447812436202,0.00274958769946419,0.049317749314667,0.0462786589775464,"GCLM/GCLC/CRIPTO",3
"GO:1990504","dense core granule exocytosis","3/399","12/16231",0.25,10.1697994987469,5.04447812436202,0.00274958769946419,0.049317749314667,0.0462786589775464,"UNC13A/SYT4/SNAP25",3
